,horse_number,prediction_label,prediction_score,score
0,1.0,0,0.7685,0.23150000000000004
1,2.0,0,0.8862,0.11380000000000001
2,3.0,0,0.9344,0.06559999999999999
3,4.0,0,0.9894,0.010600000000000054
4,5.0,1,0.5393,0.5393
5,6.0,0,0.9006,0.09940000000000004
6,7.0,0,0.6598,0.34019999999999995
7,8.0,0,0.7015,0.2985
8,9.0,0,0.5409,0.45909999999999995
9,10.0,0,0.9692,0.03080000000000005
10,11.0,1,0.529,0.529
11,12.0,0,0.6778,0.32220000000000004
12,13.0,0,0.9321,0.06789999999999996
